{"stats":{"minecraft:killed_by":{"soulslikeuniverse:ringedknight":4,"soulslikeuniverse:badomengiant":1,"soulslikeuniverse:armedhollow":2,"soulslikeuniverse:shadowassassin":1,"soulslikeuniverse:madknight":1,"soulslikeuniverse:darkspirit":3,"soulslikeuniverse:prisoncampknight":1,"minecraft:skeleton":1,"soulslikeuniverse:mountedknight":6,"iceandfire:lightning_dragon":2,"soulslikeuniverse:castleguard":4,"soulslikeuniverse:thief":1,"iceandfire:ghost":2,"soulslikeuniverse:hollowknight":2},"minecraft:killed":{"soulslikeuniverse:monstercrusader":1,"minecraft:spider":1,"minecraft:horse":2,"minecraft:skeleton":1,"soulslikeuniverse:hollowsoldier":1,"minecraft:chicken":4,"soulslikeuniverse:monsterhollow":1,"soulslikeuniverse:solaire":1,"minecraft:sheep":4,"minecraft:zombie":10,"minecraft:cow":7},"minecraft:broken":{"soulslikeuniverse:darkring_helmet":1,"soulslikeuniverse:steelshield":1,"minecraft:wooden_axe":1,"soulslikeuniverse:wanderer_chestplate":1,"minecraft:golden_chestplate":1},"minecraft:custom":{"minecraft:mob_kills":38,"minecraft:interact_with_crafting_table":13,"minecraft:damage_dealt_resisted":806,"minecraft:leave_game":1,"minecraft:time_since_death":884,"minecraft:climb_one_cm":16548,"minecraft:sprint_one_cm":821093,"minecraft:walk_one_cm":1009212,"minecraft:damage_blocked_by_shield":3770,"minecraft:drop":37,"minecraft:talked_to_villager":1,"minecraft:sneak_time":5472,"minecraft:play_time":220861,"minecraft:deaths":31,"minecraft:walk_under_water_one_cm":27031,"minecraft:jump":4136,"minecraft:interact_with_blast_furnace":1,"minecraft:walk_on_water_one_cm":97606,"minecraft:total_world_time":220861,"minecraft:interact_with_furnace":27,"minecraft:time_since_rest":663,"minecraft:damage_taken":5189,"minecraft:damage_absorbed":443,"minecraft:damage_dealt":6329,"minecraft:swim_one_cm":42935,"minecraft:fly_one_cm":1177176,"minecraft:open_chest":28,"minecraft:crouch_one_cm":29556,"tombstone:undead_killed":14,"minecraft:fall_one_cm":67956},"minecraft:crafted":{"minecraft:wooden_sword":1,"minecraft:oak_planks":92,"minecraft:cooked_chicken":2,"minecraft:furnace":2,"iceandfire:armor_copper_metal_boots":1,"iceandfire:armor_copper_metal_helmet":1,"iceandfire:copper_axe":1,"tombstone:grave_key":1,"minecraft:stone_pickaxe":1,"minecraft:chest":1,"minecraft:cooked_beef":13,"minecraft:crafting_table":1,"minecraft:wooden_pickaxe":1,"minecraft:copper_ingot":21,"minecraft:birch_planks":44,"minecraft:air":0,"minecraft:jungle_planks":28,"minecraft:stick":36,"minecraft:iron_ingot":5,"minecraft:iron_pickaxe":1,"minecraft:wooden_axe":2,"minecraft:gold_ingot":7,"minecraft:torch":100},"minecraft:used":{"minecraft:chest":1,"minecraft:cooked_chicken":2,"minecraft:torch":105,"minecraft:jungle_planks":1,"minecraft:carrot":1,"travelersbackpack:iron":8,"minecraft:wooden_axe":97,"iceandfire:copper_axe":30,"soulslikeuniverse:estusflask":9,"minecraft:furnace":5,"tombstone:gift":2,"minecraft:cooked_beef":10,"minecraft:cobbled_deepslate":2,"minecraft:cooked_mutton":5,"soulslikeuniverse:steelshield":32,"epicfight:skillbook":7,"minecraft:birch_planks":24,"minecraft:stone_pickaxe":22,"minecraft:oak_planks":55,"minecraft:wooden_pickaxe":28,"iceandfire:crackled_stone":3,"minecraft:white_wool":4,"minecraft:sand":9,"minecraft:crafting_table":7,"minecraft:bread":2,"minecraft:chicken":3,"minecraft:melon_slice":85,"minecraft:iron_pickaxe":190,"soulslikeuniverse:longsword":478,"tombstone:grave_key":7,"minecraft:wooden_sword":37,"minecraft:cobblestone":18,"minecraft:cooked_porkchop":1,"soulslikeuniverse:dagger":143},"minecraft:mined":{"iceandfire:silver_ore":2,"minecraft:jungle_leaves":2,"minecraft:glow_lichen":1,"minecraft:ladder":2,"minecraft:budding_amethyst":5,"minecraft:grass_block":4,"minecraft:jungle_planks":1,"minecraft:jungle_log":8,"iceandfire:crackled_cobblestone":15,"minecraft:large_fern":1,"minecraft:furnace":5,"minecraft:iron_ore":11,"minecraft:andesite":3,"minecraft:deepslate_lapis_ore":1,"minecraft:deepslate_iron_ore":17,"minecraft:vine":1,"minecraft:stone":48,"minecraft:white_wool":1,"minecraft:deepslate_redstone_ore":3,"minecraft:lily_of_the_valley":1,"minecraft:dandelion":1,"minecraft:crafting_table":6,"minecraft:torch":1,"minecraft:melon":22,"minecraft:white_stained_glass_pane":1,"minecraft:tall_grass":18,"minecraft:copper_ore":21,"minecraft:cobblestone":5,"minecraft:deepslate_gold_ore":12,"minecraft:oak_planks":4,"minecraft:amethyst_block":24,"minecraft:wall_torch":2,"minecraft:deepslate_copper_ore":1,"iceandfire:crackled_stone":19,"minecraft:birch_log":9,"iceandfire:ash":1,"minecraft:yellow_bed":1,"minecraft:yellow_stained_glass_pane":1,"minecraft:grass":135,"minecraft:oak_log":23,"minecraft:coal_ore":8,"minecraft:dripstone_block":1,"minecraft:gravel":2,"minecraft:dirt":10,"minecraft:sand":9,"minecraft:fern":26,"minecraft:oak_leaves":9,"minecraft:deepslate":29},"minecraft:picked_up":{"soulslikeuniverse:wanderer_boots":1,"minecraft:cocoa_beans":3,"minecraft:iron_chestplate":1,"minecraft:crafting_table":6,"minecraft:chicken":5,"minecraft:ladder":2,"minecraft:enchanted_book":1,"soulslikeuniverse:kingdomknight_helmet":1,"minecraft:amethyst_block":20,"minecraft:raw_copper":79,"minecraft:wooden_sword":1,"minecraft:armor_stand":1,"soulslikeuniverse:darkring_helmet":1,"soulslikeuniverse:hollowsoul":2,"minecraft:cobbled_deepslate":36,"minecraft:beef":16,"minecraft:light_gray_wool":1,"minecraft:melon_slice":90,"soulslikeuniverse:solarknight_leggings":1,"minecraft:furnace":5,"minecraft:egg":2,"minecraft:stick":2,"minecraft:raw_iron":26,"minecraft:torch":5,"epicfight:skillbook":3,"minecraft:pointed_dripstone":2,"tombstone:grave_dust":5,"minecraft:carrot":1,"minecraft:redstone":17,"minecraft:golden_chestplate":1,"minecraft:iron_horse_armor":2,"soulslikeuniverse:darkring_boots":1,"travelersbackpack:iron":1,"minecraft:arrow":2,"soulslikeuniverse:fullmetalknight_leggings":1,"minecraft:rotten_flesh":15,"soulslikeuniverse:steelshield":1,"soulslikeuniverse:estusflask":9,"minecraft:saddle":2,"soulslikeuniverse:repairstone":1,"soulslikeuniverse:alloy_leggings":1,"minecraft:mutton":6,"minecraft:white_wool":6,"minecraft:cobblestone":60,"minecraft:birch_log":12,"minecraft:feather":3,"minecraft:cooked_beef":1,"minecraft:andesite":3,"minecraft:jungle_log":8,"minecraft:leather":9,"minecraft:birch_planks":16,"minecraft:flint":2,"minecraft:oak_log":22,"minecraft:yellow_bed":1,"minecraft:lapis_lazuli":4,"minecraft:dirt":21,"minecraft:cooked_mutton":5,"minecraft:bone":4,"minecraft:wheat_seeds":33,"minecraft:raw_gold":16,"iceandfire:crackled_cobblestone":15,"minecraft:oak_planks":31,"iceandfire:copper_nugget":8,"minecraft:cooked_porkchop":1,"soulslikeuniverse:wanderer_chestplate":1,"iceandfire:ash":1,"minecraft:dripstone_block":1,"minecraft:gravel":2,"minecraft:jungle_planks":15,"minecraft:sand":10,"minecraft:lily_of_the_valley":1,"minecraft:bundle":1,"iceandfire:crackled_stone":17,"minecraft:iron_helmet":1,"minecraft:bread":5,"soulslikeuniverse:knightsoul":5,"tombstone:magic_scroll":1,"minecraft:coal":29,"soulslikeuniverse:longsword":1,"iceandfire:raw_silver":2,"minecraft:ender_pearl":2},"minecraft:dropped":{"minecraft:enchanted_book":2,"minecraft:wheat_seeds":34,"minecraft:cooked_beef":4,"minecraft:ender_pearl":1,"minecraft:iron_horse_armor":1,"minecraft:dirt":13,"tombstone:magic_scroll":1,"tombstone:grave_key":1,"minecraft:wooden_axe":1,"minecraft:melon_slice":5,"tombstone:grave_dust":2,"minecraft:sand":1,"minecraft:wooden_sword":2,"iceandfire:ash":1,"minecraft:armor_stand":1,"minecraft:bone":1,"minecraft:gravel":2,"minecraft:cobbled_deepslate":1,"minecraft:cocoa_beans":3,"soulslikeuniverse:dagger":1,"minecraft:rotten_flesh":14,"minecraft:oak_planks":4,"soulslikeuniverse:estusflask":5,"minecraft:lily_of_the_valley":1,"minecraft:wooden_pickaxe":1,"epicfight:skillbook":1}},"DataVersion":3465}