{"stats":{"minecraft:killed_by":{"soulslikeuniverse:monsterknight":1,"soulslikeuniverse:nightmareknight":1,"soulslikeuniverse:armedhollow":1,"soulslikeuniverse:madknight":4,"soulslikeuniverse:darkspirit":1,"soulslikeuniverse:monstergodricksoldier":1,"soulslikeuniverse:mountedknight":3,"iceandfire:lightning_dragon":3,"soulslikeuniverse:castleguard":1,"soulslikeuniverse:hollowknight":2,"iceandfire:fire_dragon":3},"minecraft:killed":{"soulslikeuniverse:hollowknight":1,"minecraft:spider":3,"minecraft:skeleton":4,"minecraft:horse":1,"soulslikeuniverse:thief":2,"soulslikeuniverse:hollowsoldier":1,"iceandfire:fire_dragon":1,"minecraft:chicken":2,"soulslikeuniverse:monsterhollow":3,"cardinal_sins:warriorofash":1,"soulslikeuniverse:shadowassassin":1,"minecraft:husk":1,"minecraft:pig":6,"soulslikeuniverse:mountedknight":3,"soulslikeuniverse:prisoncampknight":1,"soulslikeuniverse:twistedsouls":1,"iceandfire:cockatrice":2,"soulslikeuniverse:castleguard":1,"minecraft:sheep":7,"soulslikeuniverse:monsterknight":1,"minecraft:zombie":11,"soulslikeuniverse:monstergodricksoldier":3,"minecraft:wither_skeleton":3,"minecraft:blaze":3,"minecraft:cow":10},"minecraft:broken":{"minecraft:stone_pickaxe":1},"minecraft:custom":{"minecraft:mob_kills":76,"minecraft:interact_with_crafting_table":20,"minecraft:damage_dealt_resisted":2632,"minecraft:leave_game":10,"minecraft:time_since_death":1770,"minecraft:climb_one_cm":14143,"minecraft:damage_resisted":99,"minecraft:sprint_one_cm":1344377,"minecraft:walk_one_cm":1528362,"minecraft:damage_blocked_by_shield":375,"minecraft:drop":125,"minecraft:damage_dealt_absorbed":93,"minecraft:talked_to_villager":1,"minecraft:play_time":284530,"minecraft:sneak_time":15735,"minecraft:deaths":22,"minecraft:walk_under_water_one_cm":36951,"minecraft:jump":4203,"minecraft:walk_on_water_one_cm":98608,"minecraft:total_world_time":284530,"minecraft:interact_with_furnace":10,"minecraft:sleep_in_bed":2,"minecraft:waystone_activated":1,"minecraft:time_since_rest":1569,"minecraft:damage_taken":6174,"minecraft:damage_absorbed":331,"minecraft:trigger_trapped_chest":1,"minecraft:damage_dealt":18038,"minecraft:swim_one_cm":132112,"minecraft:fly_one_cm":1469545,"minecraft:open_chest":106,"minecraft:crouch_one_cm":71797,"tombstone:undead_killed":31,"minecraft:fall_one_cm":97380,"minecraft:interact_with_smoker":21},"minecraft:crafted":{"minecraft:oak_planks":64,"minecraft:furnace":1,"minecraft:cooked_mutton":3,"travelersbackpack:white_sleeping_bag":1,"improvableskills:skills_book":1,"iceandfire:armor_black_helmet":1,"minecraft:stone_pickaxe":2,"minecraft:chest":6,"iceandfire:armor_bronze_chestplate":1,"minecraft:wheat":117,"minecraft:cooked_beef":11,"iceandfire:armor_black_leggings":1,"minecraft:cooked_porkchop":15,"minecraft:crafting_table":2,"iceandfire:armor_black_boots":1,"minecraft:wooden_pickaxe":2,"minecraft:bucket":1,"minecraft:stone_axe":1,"minecraft:bread":39,"minecraft:air":0,"minecraft:jungle_planks":44,"minecraft:paper":21,"iceandfire:bestiary":1,"minecraft:diamond_pickaxe":1,"minecraft:stick":20,"minecraft:stone_sword":2,"minecraft:gold_ingot":21,"minecraft:acacia_planks":4,"minecraft:torch":16},"minecraft:used":{"minecraft:stone_sword":96,"minecraft:flint_and_steel":1,"minecraft:armor_stand":1,"minecraft:chest":5,"minecraft:iron_sword":375,"minecraft:cooked_chicken":5,"travelersbackpack:bat":3,"minecraft:iron_chestplate":6,"minecraft:netherrack":134,"minecraft:torch":18,"minecraft:dirt":7,"minecraft:carrot":1,"minecraft:tuff":4,"minecraft:obsidian":3,"minecraft:iron_helmet":1,"minecraft:iron_boots":1,"soulslikeuniverse:estusflask":6,"minecraft:stone_bricks":2,"iceandfire:chared_stone":1,"minecraft:furnace":1,"tombstone:gift":3,"minecraft:cooked_beef":12,"minecraft:cobbled_deepslate":27,"minecraft:pointed_dripstone":1,"minecraft:enchanted_golden_apple":1,"soulslikeuniverse:steelshield":1,"minecraft:cooked_mutton":2,"minecraft:water_bucket":6,"epicfight:skillbook":8,"iceandfire:fire_dragon_flesh":2,"minecraft:stone_pickaxe":155,"minecraft:wooden_pickaxe":16,"minecraft:sand":8,"minecraft:crafting_table":3,"minecraft:smoker":1,"iceandfire:armor_bronze_chestplate":6,"waystones:waystone":1,"minecraft:diamond_pickaxe":628,"minecraft:bread":63,"minecraft:melon_slice":16,"soulslikeuniverse:longsword":28,"tombstone:grave_key":7,"iceandfire:chared_cobblestone":8,"minecraft:stone_axe":9,"minecraft:cobblestone":84,"iceandfire:dragon_skull_fire":1,"travelersbackpack:standard":4,"minecraft:cooked_porkchop":11,"minecraft:bucket":11,"soulslikeuniverse:dagger":1,"minecraft:experience_bottle":1},"minecraft:mined":{"minecraft:diamond_ore":2,"minecraft:tuff":21,"minecraft:oak_sapling":1,"iceandfire:silver_ore":7,"minecraft:deepslate_diamond_ore":14,"minecraft:jungle_leaves":20,"minecraft:acacia_log":1,"minecraft:grass_block":8,"minecraft:jungle_log":11,"minecraft:spawner":1,"iceandfire:crackled_cobblestone":5,"minecraft:hay_block":13,"minecraft:magma_block":2,"minecraft:furnace":1,"minecraft:iron_ore":34,"minecraft:fire":16,"minecraft:deepslate_lapis_ore":4,"minecraft:pointed_dripstone":2,"minecraft:deepslate_iron_ore":11,"iceandfire:gold_pile":20,"minecraft:vine":1,"minecraft:stone":187,"iceandfire:chared_cobblestone":28,"minecraft:smoker":1,"minecraft:crafting_table":2,"minecraft:emerald_ore":9,"minecraft:melon":3,"iceandfire:fire_lily":1,"minecraft:tall_grass":2,"minecraft:cobblestone":18,"minecraft:deepslate_gold_ore":4,"minecraft:lapis_ore":2,"minecraft:sugar_cane":10,"iceandfire:crackled_stone":15,"minecraft:smooth_stone_slab":1,"minecraft:grass":14,"minecraft:coal_ore":49,"minecraft:oak_log":15,"minecraft:sand":41,"minecraft:dirt":14,"minecraft:netherrack":26,"minecraft:oak_leaves":5,"minecraft:deepslate":316,"minecraft:fern":3,"iceandfire:chared_stone":32},"minecraft:picked_up":{"iceandfire:dragon_skull_lightning":2,"minecraft:crafting_table":2,"minecraft:chicken":2,"iceandfire:witherbone":6,"iceandfire:fire_lily":3,"minecraft:diamond_sword":1,"minecraft:wooden_pickaxe":1,"minecraft:enchanted_book":1,"tombstone:grave_key":1,"minecraft:string":8,"minecraft:raw_copper":8,"minecraft:smooth_stone_slab":1,"minecraft:armor_stand":1,"minecraft:cracked_stone_bricks":1,"soulslikeuniverse:hollowsoul":8,"minecraft:gold_nugget":381,"minecraft:cobbled_deepslate":310,"minecraft:beef":34,"minecraft:light_gray_wool":1,"minecraft:melon_slice":17,"minecraft:sugar_cane":21,"iceandfire:dragonscales_electric":9,"minecraft:phantom_membrane":2,"minecraft:furnace":1,"minecraft:egg":3,"minecraft:raw_iron":47,"minecraft:stick":1,"iceandfire:dragonbone":78,"soulslikeuniverse:spawnmagicwhitephantom":1,"epicfight:skillbook":5,"minecraft:torch":2,"minecraft:acacia_log":1,"minecraft:porkchop":25,"iceandfire:lightning_dragon_flesh":2,"iceandfire:crackled_gravel":1,"minecraft:pointed_dripstone":7,"tombstone:grave_dust":4,"minecraft:redstone":9,"minecraft:iron_horse_armor":6,"minecraft:arrow":3,"minecraft:stone_sword":1,"soulslikeuniverse:fullmetalknight_leggings":1,"minecraft:rotten_flesh":27,"soulslikeuniverse:steelshield":1,"soulslikeuniverse:estusflask":12,"minecraft:hay_block":13,"minecraft:saddle":6,"soulslikeuniverse:repairstone":3,"minecraft:blaze_rod":1,"minecraft:mutton":14,"minecraft:white_wool":8,"minecraft:skeleton_skull":1,"minecraft:cobblestone":197,"iceandfire:dragonscales_black":38,"minecraft:feather":3,"minecraft:cooked_beef":1,"minecraft:jungle_log":11,"minecraft:andesite":7,"minecraft:leather":17,"minecraft:brown_wool":1,"soulslikeuniverse:siegmeyershield":1,"minecraft:cut_sandstone":1,"minecraft:smoker":1,"minecraft:flint":1,"minecraft:crimson_fungus":1,"minecraft:tuff":40,"minecraft:oak_log":15,"minecraft:chainmail_chestplate":1,"minecraft:jungle_button":3,"minecraft:gunpowder":2,"minecraft:lapis_lazuli":39,"minecraft:dirt":21,"iceandfire:dragonscales_bronze":10,"tombstone:gift":1,"minecraft:bone":9,"minecraft:stone_bricks":3,"minecraft:wheat_seeds":11,"minecraft:raw_gold":4,"minecraft:iron_ingot":1,"minecraft:stone_pickaxe":1,"minecraft:cooked_chicken":5,"minecraft:glowstone_dust":2,"iceandfire:crackled_cobblestone":2,"iceandfire:fire_dragon_flesh":2,"minecraft:iron_sword":3,"iceandfire:chared_stone":61,"soulslikeuniverse:sai":1,"iceandfire:copper_nugget":48,"minecraft:cooked_porkchop":5,"iceandfire:ash":1,"soulslikeuniverse:wanderer_chestplate":2,"minecraft:warped_wart_block":1,"minecraft:dripstone_block":5,"iceandfire:dragon_skull_fire":3,"minecraft:sand":46,"iceandfire:lightning_dragon_heart":1,"minecraft:spider_eye":1,"iceandfire:chared_cobblestone":26,"travelersbackpack:standard":1,"iceandfire:crackled_stone":11,"minecraft:diamond":16,"improvableskills:skills_book":1,"waystones:waystone":1,"minecraft:ender_pearl":1,"soulslikeuniverse:dagger":1,"minecraft:warped_roots":1,"minecraft:bread":45,"minecraft:emerald":11,"soulslikeuniverse:knightsoul":7,"minecraft:terracotta":1,"minecraft:oak_sapling":2,"minecraft:netherrack":106,"soulslikeuniverse:ironroundshield":1,"minecraft:coal":52,"iceandfire:raw_silver":7},"minecraft:dropped":{"iceandfire:chared_stone":22,"minecraft:iron_ingot":10,"minecraft:bread":15,"minecraft:iron_sword":1,"soulslikeuniverse:fullmetalknight_leggings":1,"minecraft:wheat_seeds":11,"minecraft:ender_pearl":1,"minecraft:dripstone_block":5,"minecraft:cooked_porkchop":6,"minecraft:iron_helmet":1,"minecraft:feather":1,"minecraft:warped_roots":1,"minecraft:cracked_stone_bricks":1,"minecraft:iron_horse_armor":4,"minecraft:saddle":4,"minecraft:coal":6,"soulslikeuniverse:ironroundshield":1,"minecraft:dirt":1,"minecraft:jungle_button":3,"iceandfire:dragonscales_black":19,"iceandfire:copper_nugget":24,"minecraft:torch":1,"tombstone:grave_key":1,"minecraft:melon_slice":1,"minecraft:brown_wool":1,"minecraft:cut_sandstone":1,"tombstone:grave_dust":3,"minecraft:iron_leggings":2,"soulslikeuniverse:hollowsoul":1,"minecraft:gold_nugget":66,"minecraft:string":8,"minecraft:white_wool":1,"minecraft:redstone":9,"minecraft:crimson_fungus":1,"minecraft:stone_axe":1,"minecraft:golden_chestplate":1,"minecraft:stone_sword":3,"minecraft:raw_copper":8,"minecraft:smooth_stone_slab":1,"soulslikeuniverse:dagger":1,"minecraft:tuff":36,"minecraft:obsidian":3,"minecraft:pointed_dripstone":4,"minecraft:rotten_flesh":25,"soulslikeuniverse:siegmeyershield":1,"minecraft:light_gray_wool":1,"minecraft:iron_boots":1,"iceandfire:dragonscales_electric":9,"minecraft:glowstone_dust":2,"iceandfire:fire_lily":2,"improvableskills:skills_book":1,"soulslikeuniverse:estusflask":1,"iceandfire:crackled_gravel":1,"minecraft:chainmail_chestplate":1,"minecraft:diamond_sword":1,"minecraft:gunpowder":2,"minecraft:skeleton_skull":1,"travelersbackpack:white_sleeping_bag":1,"iceandfire:chared_cobblestone":18,"minecraft:iron_chestplate":1,"minecraft:andesite":7,"iceandfire:crackled_cobblestone":2,"minecraft:oak_sapling":1,"minecraft:chest":3,"minecraft:spider_eye":1,"minecraft:stone_bricks":1,"soulslikeuniverse:wanderer_chestplate":2,"minecraft:stone_pickaxe":2,"minecraft:wooden_pickaxe":1,"epicfight:skillbook":2,"minecraft:netherrack":2,"minecraft:terracotta":1}},"DataVersion":3465}