{"stats":{"minecraft:killed_by":{"minecraft:wither_skeleton":1,"soulslikeuniverse:berserker":3,"soulslikeuniverse:monstergodricksoldier":8,"minecraft:skeleton":1,"soulslikeuniverse:mountedknight":5,"soulslikeuniverse:monsterblasphemyknight":1,"iceandfire:ghost":2,"iceandfire:fire_dragon":17},"minecraft:killed":{"soulslikeuniverse:hollowknight":4,"cardinal_sins:skeletonofgluttony":25,"minecraft:spider":3,"minecraft:horse":1,"minecraft:skeleton":10,"soulslikeuniverse:thief":2,"soulslikeuniverse:hollowsoldier":3,"iceandfire:fire_dragon":1,"soulslikeuniverse:siegmeyer":4,"soulslikeuniverse:monsterhollow":6,"soulslikeuniverse:solaire":1,"soulslikeuniverse:ringedknight":1,"minecraft:pig":7,"soulslikeuniverse:mountedknight":5,"minecraft:creeper":2,"iceandfire:cockatrice":1,"soulslikeuniverse:castleguard":2,"minecraft:sheep":3,"soulslikeuniverse:monsterknight":2,"minecraft:pillager":1,"minecraft:zombie":27,"iceandfire:ghost":1,"soulslikeuniverse:nobleknight":1,"soulslikeuniverse:monstergodricksoldier":4,"soulslikeuniverse:badomengiant":1,"soulslikeuniverse:berserker":1,"soulslikeuniverse:monsterblasphemyknight":2,"minecraft:wither_skeleton":4,"minecraft:blaze":1,"minecraft:cow":18},"minecraft:broken":{"minecraft:golden_boots":1,"minecraft:iron_chestplate":1,"minecraft:iron_leggings":1,"minecraft:stone_pickaxe":1,"soulslikeuniverse:roundshield":1},"minecraft:crafted":{"minecraft:oak_planks":68,"iceandfire:dragon_flute":1,"minecraft:bone_meal":102,"minecraft:warped_planks":16,"travelersbackpack:white_sleeping_bag":1,"minecraft:ladder":6,"minecraft:stone_pickaxe":3,"minecraft:chest":2,"minecraft:stone_hoe":1,"minecraft:golden_boots":1,"minecraft:wheat":144,"minecraft:crafting_table":3,"minecraft:wooden_pickaxe":1,"tombstone:impregnated_diamond":1,"minecraft:iron_sword":1,"minecraft:bucket":1,"minecraft:campfire":4,"minecraft:stone_axe":1,"minecraft:bread":54,"minecraft:jungle_planks":8,"iceandfire:armor_red_helmet":1,"minecraft:oak_boat":1,"minecraft:wooden_hoe":1,"minecraft:stick":48,"minecraft:gold_ingot":40,"iceandfire:dragon_horn":1,"minecraft:acacia_planks":28,"minecraft:torch":12},"minecraft:custom":{"minecraft:mob_kills":147,"minecraft:interact_with_crafting_table":31,"minecraft:interact_with_campfire":21,"minecraft:bell_ring":3,"minecraft:damage_dealt_resisted":1182,"minecraft:leave_game":9,"minecraft:time_since_death":74896,"minecraft:climb_one_cm":22585,"minecraft:sprint_one_cm":1968294,"minecraft:walk_one_cm":1454020,"minecraft:damage_blocked_by_shield":943,"minecraft:drop":166,"minecraft:talked_to_villager":2,"minecraft:play_time":294373,"minecraft:sneak_time":21933,"minecraft:deaths":40,"minecraft:walk_under_water_one_cm":19129,"minecraft:boat_one_cm":27540,"minecraft:jump":5827,"minecraft:walk_on_water_one_cm":81847,"minecraft:total_world_time":294373,"tombstone:raider_killed":1,"minecraft:sleep_in_bed":7,"minecraft:time_since_rest":52389,"minecraft:damage_absorbed":187,"minecraft:damage_taken":11347,"tombstone:sneak_grave":18,"minecraft:trigger_trapped_chest":1,"minecraft:damage_dealt":30800,"minecraft:swim_one_cm":258364,"minecraft:fly_one_cm":2262608,"minecraft:open_chest":107,"minecraft:crouch_one_cm":50681,"tombstone:undead_killed":70,"minecraft:fall_one_cm":118344},"minecraft:used":{"minecraft:ladder":6,"minecraft:chest":2,"minecraft:iron_sword":135,"minecraft:red_nether_brick_stairs":1,"minecraft:stone_hoe":51,"minecraft:rotten_flesh":1,"minecraft:netherrack":117,"minecraft:torch":47,"minecraft:dirt":11,"minecraft:chainmail_chestplate":1,"minecraft:nether_bricks":6,"minecraft:granite":7,"minecraft:nether_brick_stairs":2,"soulslikeuniverse:estusflask":14,"minecraft:oak_sapling":3,"soulslikeuniverse:roundshield":14,"tombstone:gift":8,"minecraft:potato":70,"minecraft:acacia_planks":41,"minecraft:pointed_dripstone":1,"minecraft:water_bucket":1,"soulslikeuniverse:steelshield":7,"epicfight:skillbook":6,"iceandfire:fire_dragon_flesh":6,"minecraft:rabbit":1,"minecraft:oak_planks":11,"minecraft:stone_pickaxe":366,"minecraft:wooden_pickaxe":10,"minecraft:ender_pearl":1,"iceandfire:dragon_skull_lightning":1,"minecraft:white_wool":2,"minecraft:lime_bed":8,"minecraft:red_bed":1,"minecraft:crafting_table":15,"minecraft:campfire":4,"minecraft:warped_planks":18,"tombstone:bag_of_seeds":2,"minecraft:wooden_hoe":10,"minecraft:apple":6,"minecraft:melon_slice":128,"minecraft:bread":71,"tombstone:magic_scroll":3,"tombstone:grave_key":3,"minecraft:gravel":2,"iceandfire:chared_cobblestone":1,"minecraft:stone_axe":101,"minecraft:diamond_sword":642,"minecraft:cobblestone":5,"iceandfire:dragon_skull_fire":1,"travelersbackpack:standard":2,"minecraft:bone_meal":44,"minecraft:bucket":1,"minecraft:porkchop":8,"soulslikeuniverse:dagger":28,"minecraft:oak_boat":2},"minecraft:mined":{"minecraft:tuff":4,"iceandfire:silver_ore":6,"minecraft:mossy_cobblestone":1,"iceandfire:copper_pile":1,"minecraft:jungle_leaves":3,"minecraft:granite":7,"minecraft:acacia_log":7,"minecraft:grass_block":17,"minecraft:jungle_log":12,"travelersbackpack:white_sleeping_bag":1,"minecraft:chiseled_stone_bricks":2,"minecraft:spawner":5,"minecraft:smooth_stone":1,"minecraft:hay_block":16,"minecraft:fire":15,"minecraft:nether_sprouts":1,"minecraft:potatoes":19,"iceandfire:gold_pile":17,"minecraft:vine":1,"minecraft:warped_stem":4,"minecraft:stone":142,"minecraft:acacia_leaves":2,"minecraft:red_bed":2,"minecraft:stone_brick_slab":1,"minecraft:crafting_table":12,"minecraft:melon":24,"minecraft:campfire":1,"minecraft:dead_bush":10,"iceandfire:fire_lily":1,"minecraft:copper_ore":2,"minecraft:tall_grass":5,"minecraft:cobblestone":5,"minecraft:oak_planks":14,"minecraft:lime_bed":8,"minecraft:warped_nylium":3,"minecraft:warped_planks":2,"minecraft:spruce_log":7,"minecraft:birch_leaves":1,"minecraft:smooth_stone_slab":1,"minecraft:grass":34,"minecraft:coal_ore":7,"minecraft:oak_log":23,"minecraft:gravel":3,"minecraft:dirt":14,"minecraft:cracked_stone_bricks":6,"minecraft:acacia_planks":13,"minecraft:oak_leaves":8,"minecraft:stone_bricks":10,"minecraft:netherrack":135,"minecraft:deepslate":36,"minecraft:fern":5},"minecraft:picked_up":{"minecraft:charcoal":2,"iceandfire:dragon_skull_lightning":1,"minecraft:crafting_table":12,"iceandfire:witherbone":1,"iceandfire:fire_lily":1,"minecraft:diamond_sword":2,"soulslikeuniverse:blasphemyfragment":6,"minecraft:enchanted_book":2,"soulslikeuniverse:round_chestplate":1,"iceandfire:manuscript":3,"minecraft:string":10,"minecraft:red_bed":2,"minecraft:raw_copper":16,"minecraft:iron_leggings":1,"minecraft:gold_nugget":262,"minecraft:cracked_stone_bricks":2,"minecraft:smooth_stone":1,"soulslikeuniverse:hollowsoul":13,"minecraft:cobbled_deepslate":15,"minecraft:beef":40,"minecraft:oak_boat":2,"minecraft:jungle_sapling":1,"minecraft:melon_slice":128,"iceandfire:dragonscales_red":7,"minecraft:iron_boots":1,"minecraft:stick":36,"soulslikeuniverse:blasphemyknight_boots":4,"iceandfire:dragonbone":9,"minecraft:torch":4,"minecraft:acacia_log":7,"minecraft:porkchop":27,"epicfight:skillbook":5,"soulslikeuniverse:godricksoldier_leggings":1,"tombstone:grave_dust":12,"minecraft:pointed_dripstone":1,"minecraft:warped_planks":2,"minecraft:iron_horse_armor":1,"soulslikeuniverse:round_leggings":1,"minecraft:arrow":11,"minecraft:rotten_flesh":24,"soulslikeuniverse:steelshield":1,"soulslikeuniverse:estusflask":28,"soulslikeuniverse:roundshield":1,"minecraft:nether_bricks":7,"minecraft:hay_block":16,"iceandfire:fire_dragon_heart":1,"minecraft:saddle":3,"soulslikeuniverse:repairstone":3,"minecraft:mutton":4,"minecraft:white_wool":3,"minecraft:cobblestone":171,"minecraft:lime_bed":8,"minecraft:jungle_log":12,"minecraft:leather":23,"minecraft:potato":71,"minecraft:tuff":4,"iceandfire:ectoplasm":2,"minecraft:oak_log":23,"minecraft:chainmail_chestplate":2,"minecraft:gunpowder":3,"minecraft:lapis_lazuli":4,"minecraft:dirt":18,"minecraft:lantern":1,"soulslikeuniverse:giantsoul":3,"minecraft:bone":23,"minecraft:red_nether_brick_stairs":1,"minecraft:acacia_planks":13,"minecraft:stone_bricks":9,"minecraft:wheat_seeds":4,"minecraft:warped_stem":4,"minecraft:iron_ingot":4,"minecraft:rabbit":1,"minecraft:oak_planks":9,"minecraft:iron_sword":6,"iceandfire:fire_dragon_flesh":7,"minecraft:ghast_tear":1,"iceandfire:copper_nugget":48,"soulslikeuniverse:blasphemyknight_helmet":8,"minecraft:chiseled_stone_bricks":1,"soulslikeuniverse:soldier_leggings":1,"minecraft:stone_brick_slab":1,"minecraft:cracked_nether_bricks":1,"soulslikeuniverse:royalknight_helmet":1,"minecraft:gravel":3,"iceandfire:dragon_skull_fire":3,"minecraft:nether_brick_stairs":2,"minecraft:spider_eye":1,"minecraft:mossy_cobblestone":1,"soulslikeuniverse:round_boots":2,"iceandfire:chared_cobblestone":1,"soulslikeuniverse:godricksoldier_boots":3,"minecraft:bundle":2,"travelersbackpack:standard":1,"minecraft:baked_potato":11,"minecraft:iron_helmet":1,"minecraft:granite":7,"minecraft:emerald":6,"minecraft:bread":32,"soulslikeuniverse:knightsoul":12,"tombstone:magic_scroll":1,"minecraft:oak_sapling":4,"minecraft:netherrack":130,"soulslikeuniverse:ironroundshield":2,"minecraft:coal":10,"iceandfire:raw_silver":7,"minecraft:ender_pearl":1},"minecraft:dropped":{"minecraft:enchanted_book":1,"minecraft:iron_ingot":2,"minecraft:bread":15,"minecraft:iron_sword":6,"iceandfire:raw_silver":1,"minecraft:porkchop":18,"minecraft:wheat_seeds":3,"minecraft:cobblestone":24,"iceandfire:fire_dragon_flesh":1,"minecraft:lantern":1,"minecraft:leather":6,"minecraft:cracked_stone_bricks":2,"iceandfire:ectoplasm":4,"minecraft:iron_horse_armor":1,"minecraft:saddle":2,"soulslikeuniverse:blasphemyknight_helmet":8,"minecraft:coal":3,"minecraft:emerald":6,"soulslikeuniverse:ironroundshield":1,"minecraft:dirt":4,"iceandfire:copper_nugget":48,"minecraft:wooden_hoe":1,"tombstone:grave_key":1,"soulslikeuniverse:godricksoldier_leggings":1,"minecraft:gold_nugget":2,"minecraft:string":9,"iceandfire:dragon_skull_fire":1,"minecraft:stone_brick_slab":1,"minecraft:bone":3,"soulslikeuniverse:godricksoldier_boots":1,"minecraft:gravel":1,"soulslikeuniverse:knightsoul":1,"minecraft:raw_copper":16,"soulslikeuniverse:blasphemyfragment":4,"soulslikeuniverse:repairstone":2,"soulslikeuniverse:dagger":1,"iceandfire:witherbone":1,"minecraft:rotten_flesh":5,"minecraft:iron_boots":1,"iceandfire:fire_lily":1,"soulslikeuniverse:estusflask":5,"minecraft:nether_bricks":1,"minecraft:chainmail_chestplate":2,"minecraft:chiseled_stone_bricks":1,"minecraft:diamond_sword":2,"minecraft:gunpowder":2,"travelersbackpack:white_sleeping_bag":1,"minecraft:stone_bricks":9,"minecraft:wooden_pickaxe":1,"minecraft:cracked_nether_bricks":1,"soulslikeuniverse:round_boots":1,"iceandfire:manuscript":3,"epicfight:skillbook":1}},"DataVersion":3465}