{"stats":{"minecraft:killed_by":{"soulslikeuniverse:ringedknight":1,"minecraft:spider":1,"soulslikeuniverse:patches":2,"soulslikeuniverse:monstergodricksoldier":1,"soulslikeuniverse:nobleknight":1,"soulslikeuniverse:mountedknight":2,"soulslikeuniverse:castleguard":1,"soulslikeuniverse:hollowknight":4,"soulslikeuniverse:monstercrusader":1},"minecraft:killed":{"soulslikeuniverse:hollowknight":2,"minecraft:witch":1,"soulslikeuniverse:monstercrusader":2,"minecraft:spider":3,"minecraft:cod":2,"soulslikeuniverse:eliteknight":2,"minecraft:horse":1,"minecraft:skeleton":9,"soulslikeuniverse:patches":1,"minecraft:chicken":7,"soulslikeuniverse:darkspirit":1,"soulslikeuniverse:monsterhollow":5,"soulslikeuniverse:ringedknight":1,"soulslikeuniverse:shadowassassin":1,"minecraft:pig":7,"soulslikeuniverse:mountedknight":6,"soulslikeuniverse:prisoncampknight":1,"minecraft:creeper":1,"soulslikeuniverse:castleguard":2,"minecraft:sheep":12,"minecraft:zombie":14,"soulslikeuniverse:monstergodricksoldier":4,"minecraft:cow":5},"minecraft:broken":{"minecraft:stone_pickaxe":1,"minecraft:iron_pickaxe":1},"minecraft:custom":{"minecraft:mob_kills":91,"minecraft:interact_with_crafting_table":10,"minecraft:damage_dealt_resisted":1344,"minecraft:leave_game":4,"minecraft:time_since_death":874,"minecraft:climb_one_cm":17870,"minecraft:sprint_one_cm":536730,"minecraft:walk_one_cm":1185155,"minecraft:damage_blocked_by_shield":600,"minecraft:drop":54,"minecraft:talked_to_villager":4,"minecraft:play_time":222592,"minecraft:sneak_time":8535,"minecraft:deaths":17,"minecraft:walk_under_water_one_cm":79296,"minecraft:jump":2577,"minecraft:walk_on_water_one_cm":61910,"minecraft:total_world_time":222592,"minecraft:interact_with_furnace":67,"tombstone:raider_killed":1,"minecraft:time_since_rest":720,"minecraft:damage_absorbed":68,"minecraft:damage_taken":3593,"tombstone:sneak_grave":3,"minecraft:damage_dealt":14716,"tombstone:cast_on_ally":2,"minecraft:swim_one_cm":75517,"minecraft:fly_one_cm":409571,"minecraft:open_chest":50,"minecraft:crouch_one_cm":31584,"tombstone:undead_killed":44,"minecraft:fall_one_cm":60043},"minecraft:crafted":{"minecraft:oak_planks":104,"minecraft:cobblestone_slab":6,"minecraft:cooked_chicken":7,"minecraft:furnace":4,"minecraft:cooked_mutton":18,"travelersbackpack:white_sleeping_bag":1,"minecraft:ladder":3,"minecraft:stone_pickaxe":1,"minecraft:chest":2,"minecraft:cooked_beef":4,"minecraft:cooked_porkchop":8,"minecraft:crafting_table":1,"minecraft:wooden_pickaxe":1,"soulslikeuniverse:steelshield":1,"minecraft:bucket":1,"minecraft:air":0,"minecraft:jungle_planks":4,"minecraft:stick":16,"minecraft:iron_ingot":36,"minecraft:iron_pickaxe":1,"soulslikeuniverse:longsword":1},"minecraft:used":{"minecraft:ladder":2,"minecraft:chest":4,"minecraft:cooked_chicken":7,"minecraft:dirt":46,"minecraft:carrot":5,"minecraft:golden_shovel":25,"soulslikeuniverse:estusflask":12,"minecraft:furnace":7,"tombstone:gift":9,"minecraft:potato":2,"minecraft:cooked_beef":8,"minecraft:calcite":1,"minecraft:wheat_seeds":6,"minecraft:cooked_mutton":7,"soulslikeuniverse:steelshield":5,"epicfight:skillbook":7,"minecraft:stone_pickaxe":130,"minecraft:wooden_pickaxe":51,"minecraft:cobblestone_slab":3,"minecraft:sand":6,"minecraft:lime_bed":1,"minecraft:crafting_table":3,"minecraft:bread":4,"minecraft:iron_pickaxe":329,"soulslikeuniverse:longsword":484,"tombstone:grave_key":25,"minecraft:cobblestone":91,"minecraft:porkchop":6,"minecraft:cooked_porkchop":8,"minecraft:yellow_bed":1,"soulslikeuniverse:dagger":35},"minecraft:mined":{"iceandfire:silver_ore":7,"minecraft:jungle_leaves":8,"minecraft:granite":11,"minecraft:budding_amethyst":3,"minecraft:grass_block":18,"minecraft:jungle_log":3,"iceandfire:crackled_cobblestone":1,"minecraft:furnace":4,"minecraft:carrots":1,"minecraft:iron_ore":35,"minecraft:andesite":3,"minecraft:deepslate_lapis_ore":11,"minecraft:pointed_dripstone":5,"minecraft:small_amethyst_bud":4,"minecraft:gold_block":1,"minecraft:potatoes":2,"minecraft:deepslate_iron_ore":60,"minecraft:cobblestone_slab":2,"minecraft:vine":1,"minecraft:stone":121,"minecraft:white_wool":2,"minecraft:deepslate_redstone_ore":17,"minecraft:medium_amethyst_bud":4,"minecraft:amethyst_cluster":3,"minecraft:crafting_table":2,"minecraft:emerald_ore":1,"minecraft:calcite":1,"minecraft:melon":13,"minecraft:chest":2,"iceandfire:fire_lily":1,"minecraft:tall_grass":1,"minecraft:cobblestone":33,"minecraft:deepslate_gold_ore":9,"minecraft:lapis_ore":7,"minecraft:oak_planks":1,"minecraft:wall_torch":1,"minecraft:diorite":2,"minecraft:amethyst_block":17,"minecraft:lime_bed":1,"iceandfire:crackled_stone":2,"minecraft:birch_log":1,"minecraft:wheat":6,"minecraft:birch_leaves":2,"minecraft:yellow_bed":1,"minecraft:grass":28,"minecraft:oak_log":31,"minecraft:coal_ore":73,"minecraft:sand":35,"minecraft:dirt":28,"minecraft:gold_ore":7,"minecraft:deepslate":56,"minecraft:oak_leaves":14,"minecraft:fern":5},"minecraft:picked_up":{"soulslikeuniverse:wanderer_boots":1,"minecraft:crafting_table":2,"minecraft:wheat":6,"minecraft:chicken":7,"iceandfire:fire_lily":1,"tombstone:grave_key":1,"minecraft:amethyst_block":19,"minecraft:string":2,"minecraft:raw_copper":3,"minecraft:cobbled_deepslate":58,"soulslikeuniverse:hollowsoul":7,"minecraft:beef":11,"minecraft:cobblestone_slab":2,"minecraft:calcite":1,"minecraft:light_gray_wool":2,"soulslikeuniverse:royalknight_leggings":1,"minecraft:melon_slice":71,"minecraft:chest":2,"minecraft:phantom_membrane":1,"minecraft:furnace":4,"minecraft:stick":3,"minecraft:raw_iron":96,"soulslikeuniverse:spawnmagicwhitephantom":1,"minecraft:torch":2,"epicfight:skillbook":4,"minecraft:porkchop":14,"minecraft:pointed_dripstone":10,"tombstone:grave_dust":1,"minecraft:diorite":4,"minecraft:carrot":3,"minecraft:redstone":75,"minecraft:iron_horse_armor":4,"soulslikeuniverse:darkring_boots":1,"travelersbackpack:iron":1,"soulslikeuniverse:chosenknight_helmet":1,"minecraft:rotten_flesh":17,"minecraft:arrow":9,"soulslikeuniverse:fullmetalknight_leggings":2,"soulslikeuniverse:steelshield":3,"soulslikeuniverse:estusflask":7,"minecraft:saddle":4,"soulslikeuniverse:repairstone":4,"soulslikeuniverse:alloy_leggings":1,"minecraft:mutton":18,"minecraft:cod":2,"minecraft:birch_log":2,"minecraft:white_wool":11,"minecraft:cobblestone":155,"minecraft:lime_bed":1,"soulslikeuniverse:royalknight_chestplate":1,"minecraft:feather":4,"minecraft:cooked_beef":4,"minecraft:glow_ink_sac":3,"minecraft:andesite":3,"minecraft:jungle_log":2,"minecraft:leather":11,"minecraft:potato":7,"minecraft:oak_log":31,"minecraft:yellow_bed":1,"minecraft:lapis_lazuli":91,"minecraft:dirt":83,"minecraft:bone":7,"minecraft:wheat_seeds":29,"minecraft:raw_gold":16,"soulslikeuniverse:godricksoldier_helmet":1,"iceandfire:crackled_cobblestone":2,"minecraft:oak_planks":1,"minecraft:ghast_tear":1,"soulslikeuniverse:sai":1,"soulslikeuniverse:oniknight_chestplate":1,"iceandfire:copper_nugget":6,"soulslikeuniverse:royalknight_helmet":1,"minecraft:sand":66,"minecraft:amethyst_shard":12,"iceandfire:crackled_stone":3,"improvableskills:skills_book":1,"minecraft:granite":20,"minecraft:emerald":1,"minecraft:bread":4,"soulslikeuniverse:knightsoul":14,"minecraft:oak_sapling":2,"tombstone:magic_scroll":2,"minecraft:netherrack":1,"minecraft:coal":70,"soulslikeuniverse:longsword":3,"iceandfire:raw_silver":7,"soulslikeuniverse:smilesticker":1},"minecraft:dropped":{"soulslikeuniverse:fullmetalknight_leggings":1,"minecraft:wheat_seeds":14,"minecraft:glow_ink_sac":3,"minecraft:feather":4,"minecraft:granite":18,"minecraft:coal":14,"minecraft:dirt":48,"minecraft:diorite":4,"tombstone:grave_key":1,"minecraft:melon_slice":7,"soulslikeuniverse:darkring_boots":1,"soulslikeuniverse:steelshield":1,"soulslikeuniverse:alloy_leggings":1,"minecraft:sand":33,"minecraft:phantom_membrane":1,"minecraft:string":2,"minecraft:birch_log":2,"minecraft:white_wool":1,"minecraft:iron_nugget":3,"minecraft:cobbled_deepslate":6,"minecraft:rotten_flesh":8,"minecraft:light_gray_wool":1,"improvableskills:skills_book":1,"soulslikeuniverse:longsword":1,"travelersbackpack:iron":1,"minecraft:cobblestone_slab":5,"minecraft:jungle_log":1,"minecraft:wooden_pickaxe":1,"minecraft:netherrack":1}},"DataVersion":3465}